country,country_cn,country_label,n,main_prototype_id,main_prototype_name,main_prototype_prob,P0,P1,P2,P3,P4,P5,P6,P7,P8,P9,P10,P11,P12,P13
RUS,俄罗斯,RUS(俄罗斯),1810,13,世俗自主型,0.2125,0.0499,0.14,0.0236,0.0103,0.0195,0.0013,0.1352,0.0748,0.1085,0.0,0.0,0.0844,0.1399,0.2125
KOR,韩国,KOR(韩国),1245,13,世俗自主型,0.2917,0.0047,0.1742,0.0038,0.026,0.0023,0.0001,0.0714,0.2838,0.017,0.0,0.0,0.0619,0.0631,0.2917
MNG,蒙古,MNG(蒙古),1638,13,世俗自主型,0.4688,0.0114,0.1307,0.0013,0.0258,0.0168,0.0,0.13,0.0748,0.0421,0.0,0.0,0.0374,0.0608,0.4688
VNM,越南,VNM(越南),1200,13,世俗自主型,0.3258,0.0083,0.1238,0.0149,0.113,0.0052,0.0001,0.1827,0.049,0.0223,0.0,0.0,0.036,0.119,0.3258
SVK,斯洛伐克,SVK(斯洛伐克),1200,13,世俗自主型,0.2544,0.044,0.0,0.0,0.0336,0.0959,0.0,0.0,0.1606,0.0505,0.0,0.0,0.1789,0.1822,0.2544
UKR,乌克兰,UKR(乌克兰),1289,13,世俗自主型,0.2002,0.0538,0.0291,0.0463,0.0415,0.0283,0.0002,0.1582,0.0547,0.1055,0.0,0.0,0.1791,0.1033,0.2002
JPN,日本,JPN(日本),1353,1,传统-世俗混合型,0.9986,0.0,0.9986,0.0,0.0,0.0014,0.0,0.0,0.0,0.0,0.0,0.0,0.0,0.0,0.0
URY,乌拉圭,URY(乌拉圭),1000,1,传统-世俗混合型,0.493,0.0049,0.493,0.0308,0.0015,0.0428,0.0,0.03,0.037,0.1618,0.0,0.0,0.0211,0.1643,0.0131
USA,美国,USA(美国),2596,1,传统-世俗混合型,0.1787,0.036,0.1787,0.0267,0.0015,0.0173,0.0001,0.0437,0.1494,0.0424,0.1256,0.0,0.1471,0.1322,0.0993
NLD,荷兰,NLD(荷兰),2145,7,自由理性型,0.5817,0.0614,0.178,0.0044,0.0095,0.0056,0.0004,0.0094,0.5817,0.0115,0.0,0.0,0.0345,0.0517,0.0517
CAN,加拿大,CAN(加拿大),4018,7,自由理性型,0.3787,0.0825,0.1369,0.006,0.0223,0.0111,0.0001,0.0334,0.3787,0.0245,0.0,0.0,0.0969,0.0364,0.1713
AUS,澳大利亚,AUS(澳大利亚),1813,7,自由理性型,0.3735,0.1097,0.2133,0.0059,0.0131,0.0051,0.0021,0.0085,0.3735,0.0122,0.0,0.0,0.1014,0.0959,0.0592
CZE,捷克,CZE(捷克),1200,7,自由理性型,0.4068,0.01,0.124,0.006,0.0104,0.0053,0.0,0.0335,0.4068,0.021,0.0,0.0,0.0209,0.0417,0.3204
GBR,英国,GBR(英国),2609,7,自由理性型,0.4218,0.0743,0.2423,0.0037,0.009,0.0068,0.0003,0.0082,0.4218,0.0141,0.0,0.0,0.0705,0.092,0.057
DEU,德国,DEU(德国),1528,7,自由理性型,0.3209,0.1022,0.2922,0.0035,0.0097,0.0069,0.0002,0.0076,0.3209,0.0206,0.0,0.0,0.0603,0.1329,0.043
NZL,新西兰,NZL(新西兰),1057,7,自由理性型,0.4941,0.2151,0.0,0.0,0.0381,0.0237,0.0,0.0,0.4941,0.0165,0.0,0.0,0.0931,0.0793,0.0401
CHN,中国,CHN(中国),3036,5,世俗理性型,0.7977,0.0604,0.0,0.0,0.0509,0.0107,0.7977,0.0,0.0181,0.0,0.0,0.0,0.0308,0.0,0.0314
SRB,塞尔维亚,SRB(塞尔维亚),1046,12,封闭虔诚型,0.2104,0.0723,0.1497,0.0115,0.0086,0.0169,0.0015,0.1273,0.0681,0.1064,0.0,0.0,0.0556,0.2104,0.1716
GRC,希腊,GRC(希腊),1200,12,封闭虔诚型,0.3682,0.0692,0.1584,0.0631,0.0015,0.0099,0.0,0.0649,0.0361,0.0874,0.0,0.0,0.0908,0.3682,0.0505
ARM,亚美尼亚,ARM(亚美尼亚),1223,12,封闭虔诚型,0.516,0.0699,0.0525,0.0985,0.0136,0.0189,0.0007,0.0334,0.0132,0.0986,0.0,0.0,0.076,0.516,0.0087
KGZ,吉尔吉斯斯坦,KGZ(吉尔吉斯斯坦),1200,12,封闭虔诚型,0.3294,0.0225,0.0036,0.1691,0.0241,0.0092,0.0,0.102,0.0,0.0673,0.0083,0.0,0.2426,0.3294,0.0219
ARG,阿根廷,ARG(阿根廷),1003,12,封闭虔诚型,0.2397,0.0364,0.1975,0.0178,0.001,0.0268,0.0003,0.0702,0.0708,0.0761,0.0,0.0,0.1408,0.2397,0.1227
TUR,土耳其,TUR(土耳其),2415,12,封闭虔诚型,0.531,0.0118,0.0539,0.0769,0.0114,0.0055,0.0,0.0887,0.0025,0.057,0.0,0.0,0.093,0.531,0.0683
CHL,智利,CHL(智利),1000,12,封闭虔诚型,0.2558,0.0184,0.1381,0.0202,0.0053,0.016,0.0,0.1112,0.0708,0.0963,0.0,0.0,0.0763,0.2558,0.1915
PER,秘鲁,PER(秘鲁),1400,12,封闭虔诚型,0.3034,0.0031,0.0178,0.1491,0.0005,0.0355,0.0,0.167,0.0085,0.2081,0.0,0.0,0.0672,0.3034,0.0398
ECU,厄瓜多尔,ECU(厄瓜多尔),1200,12,封闭虔诚型,0.2377,0.0059,0.0351,0.1691,0.0005,0.0605,0.0,0.2155,0.0086,0.1708,0.0008,0.0,0.0637,0.2377,0.0315
ROU,罗马尼亚,ROU(罗马尼亚),1257,12,封闭虔诚型,0.3787,0.0166,0.0555,0.1254,0.0075,0.0088,0.0,0.0927,0.0119,0.1193,0.0,0.0,0.1354,0.3787,0.0482
LBY,利比亚,LBY(利比亚),1196,12,封闭虔诚型,0.7051,0.0057,0.0,0.0,0.0,0.0173,0.0,0.0,0.0,0.0328,0.0,0.0,0.2337,0.7051,0.0054
MDV,马尔代夫,MDV(马尔代夫),1039,12,封闭虔诚型,0.4698,0.0023,0.006,0.3346,0.0,0.0042,0.0,0.062,0.0002,0.0373,0.0,0.0,0.0711,0.4698,0.0124
EGY,埃及,EGY(埃及),1200,12,封闭虔诚型,0.545,0.0018,0.0004,0.2586,0.0,0.0023,0.0,0.069,0.0,0.0182,0.0,0.0,0.1025,0.545,0.0021
NIR,北爱尔兰,NIR(北爱尔兰),447,12,封闭虔诚型,0.2376,0.0718,0.2308,0.0249,0.0074,0.003,0.0019,0.0221,0.2088,0.0367,0.0,0.0,0.0939,0.2376,0.0611
COL,哥伦比亚,COL(哥伦比亚),1520,12,封闭虔诚型,0.2456,0.0113,0.049,0.17,0.0004,0.0519,0.0,0.1195,0.0235,0.2323,0.0151,0.0,0.0448,0.2456,0.0367
GTM,危地马拉,GTM(危地马拉),1229,12,封闭虔诚型,0.2609,0.0191,0.035,0.0887,0.0041,0.0348,0.0,0.1676,0.0189,0.1096,0.0,0.0,0.1434,0.2609,0.118
AND,安道尔,AND(安道尔),1004,0,个体表达型,0.3969,0.3969,0.0,0.0,0.056,0.0719,0.0,0.0,0.3639,0.0012,0.0,0.0,0.1101,0.0,0.0
HKG,香港,HKG(香港),2075,9,积极参与型,0.5031,0.1202,0.0,0.0,0.0835,0.0124,0.0,0.0,0.1539,0.0054,0.5031,0.0,0.064,0.0103,0.0471
MYS,马来西亚,MYS(马来西亚),1313,9,积极参与型,0.6954,0.0028,0.0006,0.0597,0.0017,0.002,0.0,0.1472,0.0001,0.006,0.6954,0.0,0.031,0.0345,0.0192
IND,印度,IND(印度),1692,2,生存焦虑型,0.2531,0.0506,0.0056,0.2531,0.0254,0.013,0.0,0.2073,0.0036,0.0794,0.0,0.0,0.0765,0.2197,0.0659
PAK,巴基斯坦,PAK(巴基斯坦),1995,2,生存焦虑型,0.6116,0.01,0.0,0.6116,0.0096,0.0304,0.0,0.1372,0.0,0.0288,0.0,0.0,0.1548,0.0,0.0175
MMR,缅甸,MMR(缅甸),1200,2,生存焦虑型,0.4138,0.0055,0.0032,0.4138,0.0083,0.0283,0.0,0.164,0.0,0.0507,0.0,0.0,0.0673,0.2425,0.0165
BGD,孟加拉国,BGD(孟加拉国),1200,2,生存焦虑型,0.3439,0.0011,0.0002,0.3439,0.0016,0.0067,0.0,0.2276,0.0,0.0043,0.0,0.0,0.1231,0.2889,0.0027
ZWE,津巴布韦,ZWE(津巴布韦),1215,2,生存焦虑型,0.4603,0.0056,0.0003,0.4603,0.0011,0.0357,0.0,0.133,0.0003,0.06,0.0,0.0,0.0865,0.2116,0.0056
ETH,埃塞俄比亚,ETH(埃塞俄比亚),1230,2,生存焦虑型,0.596,0.0032,0.0,0.596,0.0008,0.0074,0.0,0.069,0.0,0.017,0.0,0.0,0.0696,0.236,0.001
IDN,印度尼西亚,IDN(印度尼西亚),3200,2,生存焦虑型,0.6189,0.0055,0.0,0.6189,0.0175,0.0088,0.0,0.2244,0.0,0.0307,0.0,0.0,0.0836,0.0,0.0106
VEN,委内瑞拉,VEN(委内瑞拉),1190,4,传统宗教型,0.418,0.0324,0.0,0.0,0.0119,0.418,0.0,0.0,0.0178,0.1255,0.0,0.0,0.168,0.2264,0.0
KEN,肯尼亚,KEN(肯尼亚),1266,6,宽容宗教型,0.4647,0.0085,0.0,0.3205,0.0008,0.0194,0.0,0.4647,0.0,0.0429,0.0,0.0,0.1096,0.006,0.0275
TJK,塔吉克斯坦,TJK(塔吉克斯坦),1200,6,宽容宗教型,0.6473,0.0033,0.0005,0.0572,0.0,0.0158,0.0,0.6473,0.0012,0.0129,0.0,0.0,0.0641,0.1426,0.055
LBN,黎巴嫩,LBN(黎巴嫩),1200,6,宽容宗教型,0.3723,0.0079,0.0283,0.0679,0.0002,0.029,0.0,0.3723,0.0066,0.0508,0.0,0.0,0.2194,0.2175,0.0
MEX,墨西哥,MEX(墨西哥),1741,6,宽容宗教型,0.3076,0.0016,0.0526,0.0912,0.0003,0.0431,0.0,0.3076,0.0122,0.1543,0.0,0.0,0.0579,0.2,0.0792
PHL,菲律宾,PHL(菲律宾),1200,6,宽容宗教型,0.6366,0.0057,0.0009,0.1525,0.0009,0.0141,0.0,0.6366,0.0,0.0232,0.0,0.0,0.0839,0.0668,0.0154
IRQ,伊拉克,IRQ(伊拉克),1200,6,宽容宗教型,0.4276,0.0011,0.0006,0.1253,0.0,0.0105,0.0,0.4276,0.0,0.0266,0.0,0.0,0.1062,0.2808,0.0211
MAR,摩洛哥,MAR(摩洛哥),1200,6,宽容宗教型,0.3479,0.0201,0.021,0.115,0.0029,0.0182,0.0,0.3479,0.0009,0.0797,0.0,0.0,0.1502,0.2009,0.0433
BRA,巴西,BRA(巴西),1762,8,保守宗教型,0.2559,0.025,0.0549,0.1553,0.0003,0.0226,0.0,0.0514,0.0188,0.2559,0.0,0.0,0.116,0.2354,0.0644
BOL,玻利维亚,BOL(玻利维亚),2067,8,保守宗教型,0.2229,0.0027,0.0203,0.2001,0.001,0.092,0.0,0.1962,0.0086,0.2229,0.0,0.0,0.063,0.1578,0.0354
NIC,尼加拉瓜,NIC(尼加拉瓜),1200,8,保守宗教型,0.3213,0.0049,0.0581,0.1076,0.015,0.0816,0.0,0.1324,0.0016,0.3213,0.0,0.0,0.0212,0.2103,0.0459
IRN,伊朗,IRN(伊朗),1499,11,温和保守型,0.584,0.0739,0.0,0.0,0.0002,0.0681,0.0,0.0,0.0158,0.0542,0.0,0.0,0.584,0.2038,0.0
JOR,约旦,JOR(约旦),1203,11,温和保守型,0.4887,0.0421,0.0,0.0,0.0033,0.0237,0.0,0.0,0.0,0.0254,0.0,0.0,0.4887,0.4167,0.0
TUN,突尼斯,TUN(突尼斯),1208,11,温和保守型,0.4044,0.0237,0.0,0.2663,0.0008,0.0131,0.0,0.1698,0.0,0.1021,0.0,0.0,0.4044,0.0,0.0199
NGA,尼日利亚,NGA(尼日利亚),1237,11,温和保守型,0.5296,0.0298,0.0,0.0,0.0044,0.1182,0.0,0.0,0.0,0.1635,0.0,0.0,0.5296,0.1411,0.0136
UZB,乌兹别克斯坦,UZB(乌兹别克斯坦),1250,11,温和保守型,0.4726,0.0497,0.0,0.0,0.0085,0.047,0.0,0.0,0.0017,0.0648,0.0,0.0,0.4726,0.2867,0.0689
SGP,新加坡,SGP(新加坡),2012,11,温和保守型,0.3866,0.216,0.0,0.0,0.1081,0.0262,0.0,0.0,0.0724,0.0278,0.0,0.0,0.3866,0.0939,0.069
KAZ,哈萨克斯坦,KAZ(哈萨克斯坦),1276,11,温和保守型,0.2108,0.0783,0.0294,0.0716,0.0215,0.0172,0.0007,0.2031,0.0095,0.1023,0.0,0.0,0.2108,0.1509,0.1049
CYP,塞浦路斯,CYP(塞浦路斯),1000,11,温和保守型,0.294,0.0932,0.0382,0.0575,0.0121,0.0146,0.0,0.0533,0.0255,0.0989,0.001,0.0,0.294,0.2524,0.0592
THA,泰国,THA(泰国),1500,3,集体团结型,0.3335,0.0222,0.1379,0.0292,0.3335,0.0118,0.0,0.0872,0.0017,0.0402,0.0,0.0,0.1015,0.0932,0.1417
TWN,台湾,TWN(台湾),1223,10,等级个人主义型,1.0,0.0,0.0,0.0,0.0,0.0,0.0,0.0,0.0,0.0,0.0,1.0,0.0,0.0,0.0
PRI,波多黎各,PRI(波多黎各),1127,10,等级个人主义型,1.0,0.0,0.0,0.0,0.0,0.0,0.0,0.0,0.0,0.0,0.0,1.0,0.0,0.0,0.0
MAC,澳门,MAC(澳门),1023,10,等级个人主义型,1.0,0.0,0.0,0.0,0.0,0.0,0.0,0.0,0.0,0.0,0.0,1.0,0.0,0.0,0.0
