country,country_cn,lat,lon,n_samples,地区/地理,语言,价值观,社会规范,关系结构,宗教/传统,社会经济
CYP,CYP,33.245729999999995,33.13827,1000,0.7555284725526576,0.7295,0.36177549520423313,0.47760189334855147,0.42405777116402116,0.6105682231888889,0.47309255001755
ECU,厄瓜多尔,-2.1766916666666667,-80.00974166666667,1200,0.826278819565482,0.9941666666666666,0.3433170244829234,0.4211794718235688,0.43459354404529854,0.621130926287037,0.4475907626572949
GRC,GRC,38.699749999999995,23.28408333333333,1200,0.5848883303321328,0.9725,0.37162685918632293,0.472840211912319,0.45120138888888883,0.5319467555370371,0.445670482982983
IDN,印尼,-4.9509375,111.37296874999998,3200,0.28937040793738794,0.304375,0.3134238257871734,0.46518534140214407,0.46370322357041105,0.6313863274236111,0.4012210924265951
JOR,约旦,31.97908561928512,35.87461346633417,1203,0.6822883363089549,0.9941812136325852,0.20904011728895117,0.5367131001437727,0.46022885324814333,0.6700388870416552,0.42884528190014476
LBY,LBY,31.84789297658863,15.603060200668894,1196,0.537690453721732,0.9707357859531772,0.24098244194241578,0.5022576146528576,0.46979998916140225,0.6983091825065031,0.45430638157357817
MAC,澳门,22.19642228739003,113.54469208211141,1023,0.5244205877548478,0.48093841642228735,0.4711679811241074,0.5411786102436892,0.4431178770348267,0.46788725451287067,0.44913799001042404
MDV,MDV,3.9100962463907605,73.3211645813282,1039,0.48469816278223726,0.9961501443695862,0.27008816257661605,0.4819035992598138,0.4672819614795071,0.6806721253128007,0.41319695200972445
NZL,新西兰,26.13999999999999,35.74,1057,0.6171779970266252,0.9583727530747398,0.4292417137360415,0.5999626232681331,0.4459426641545847,0.49463923033743307,0.49303783595751044
NGA,尼日利亚,8.642093775262733,6.891778496362166,1237,0.41978392742037646,0.43007275666936134,0.3016160885352282,0.4910819809759139,0.48570446864837563,0.6470636888799065,0.40651426224705406
PHL,菲律宾,11.9539,122.53815,1200,0.46282407432077177,0.6129166666666667,0.37249045265565106,0.5317876341157498,0.46107788334350835,0.6459726896574074,0.4161929200973319
SRB,SRB,26.139999999999993,35.74,1046,0.5680824911226441,0.9627151051625239,0.4360884275138217,0.4928316489523681,0.47961435981870976,0.47134320423836834,0.47884767505704406
THA,泰国,14.672920000000001,101.20954666666667,1500,0.40603340105060115,0.42133333333333334,0.3998312141409354,0.5333530854739291,0.46444810405643727,0.5701379205037037,0.42973155865693174
TUN,TUN,35.75648178807947,10.022582781456954,1208,0.6239234190619485,0.4995860927152318,0.3104838457548724,0.4788263626023432,0.48646755864781527,0.658299669674393,0.41621462534019177
GBR,英国,53.084377155998475,-2.0846818704484473,2609,0.5764554811620402,0.9279417401303182,0.4455399562329203,0.5884546232366387,0.47698298624419744,0.46833018129977433,0.46848792364315556
UZB,乌兹别克斯坦,67.73547200000002,40.316704,1250,0.4223594206135791,0.8436,0.328273296633613,0.5261501977116866,0.47228080610021794,0.7120837351466667,0.47585201465201465
NIR,NIR,54.64872483221476,-6.415682326621923,447,0.6400624984270324,0.959731543624161,0.42998154288731383,0.589249276567532,0.48737956156859946,0.5572269406661696,0.4523028301551792
CHN,中国,32.357210144927535,114.16424242424243,3036,0.5668047417438848,0.5,0.3372254267488255,0.5655657104183957,0.46081269297054867,0.3639490896720831,0.41304040893961835
SGP,新加坡,1.3114015904572565,103.88110337972168,2012,0.5018143688887087,0.49776341948310143,0.34164503406374497,0.5293373025389563,0.44696773065311834,0.5959132959851999,0.4590409921423838
VNM,越南,16.140783333333335,106.17303333333332,1200,0.4801554681756212,0.985,0.39554659359793587,0.5360706624378768,0.4709810956790123,0.4931805451111111,0.445168875471507
AUS,澳大利亚,26.139999999999986,35.74,1813,0.629993696320227,0.9255377826806398,0.42196586409755904,0.5853829048207176,0.43374043350547115,0.495718943304529,0.4770067001359518
CAN,加拿大,26.13999999999999,35.74,4018,0.6128315437673327,0.8092334494773519,0.49647861668396537,0.5704583325216463,0.4440060637033633,0.5015324364360378,0.4872488376619785
ETH,埃塞俄比亚,9.543552845528454,38.92265853658536,1230,0.5003497912952766,0.4886178861788618,0.24313368035230312,0.5430849091512772,0.4662846724055476,0.6658852883649502,0.3970836581192439
KEN,肯尼亚,-0.4763191153238546,36.54642180094787,1266,0.5015498572483509,0.1607424960505529,0.39228849778453956,0.5118023467628433,0.47356325622075746,0.6288516857205547,0.4397297304718675
NLD,荷兰,26.139999999999993,35.74,2145,0.6157536907536907,0.9347319347319347,0.4531138959362205,0.6189514692705346,0.44513727013727006,0.3977229211188811,0.4941802002711093
ZWE,津巴布韦,-18.61719341563786,30.657201646090535,1215,0.20785395927677458,0.7724279835390946,0.27847360763997364,0.47872781646888557,0.4376349625255959,0.6184471984636488,0.3891440071892747
AND,AND,42.51455179282868,1.5396314741035857,1004,0.616805643280537,0.42828685258964144,0.4212510275770179,0.5223009213814642,0.39722985762577395,0.46305809817397076,0.4493754778864341
ARG,阿根廷,-33.613868394815555,-60.513150548354936,1003,0.7459054557094091,0.996011964107677,0.43380476961881076,0.5400474918283498,0.44667940622576724,0.5785510082087072,0.4313108653836471
BGD,BGD,26.441741666666665,87.74281666666667,1200,0.36866724638735593,0.5,0.2884204330206426,0.5319794365489556,0.4064049272486772,0.6943381472037036,0.40332703407703413
ARM,亚美尼亚,40.27289452166803,44.610956663941124,1223,0.5177647603565246,0.9844644317252658,0.2740840221669891,0.45798493819582003,0.4541731929150163,0.5079023299990915,0.4888570509391195
BOL,玻利维亚,-17.93213352685051,-65.68982583454282,2067,0.5762200898314799,0.8834059022738268,0.3934072673760485,0.41958413711808246,0.42292940156574654,0.6034472951244424,0.45436969785744774
BRA,巴西,26.139999999999986,35.74,1762,0.6670788065509973,0.9977298524404086,0.3761143362281642,0.45557596817096213,0.4184301940544846,0.6154071111426409,0.4156711879044456
MMR,缅甸,19.093725000000003,96.22593333333333,1200,0.41535494545085416,0.8991666666666667,0.34136111037937716,0.5388016445503073,0.4834895833333333,0.6529344463611111,0.4412908986175115
CHL,智利,26.13999999999999,35.74,1000,0.6569285714285714,0.982,0.4373292442265748,0.47959551435738684,0.4591662037037037,0.5947163315666667,0.45369552175374095
TWN,台湾,24.03053147996729,120.89305805396565,1223,0.6164734970447034,0.48650858544562553,0.4251375811855487,0.5469785362961779,0.4891222901443671,0.5754620615244844,0.46362686863016367
COL,哥伦比亚,-9.194078947368421,-89.0421052631579,1520,0.8590001833376196,0.9888157894736842,0.366112471483242,0.4351037533035362,0.4606756858445132,0.5918980280263157,0.4209411990951557
CZE,捷克,49.84283333333334,15.52625,1200,0.5605816645291121,0.9875,0.5016407426447751,0.536904879773317,0.4470758101851852,0.40264916302777776,0.4367057388958074
DEU,德国,26.13999999999999,35.74,1528,0.6176608077786088,0.9234293193717278,0.4453203678086632,0.5613281029496203,0.44246872631198547,0.43978388259889467,0.47357231373919856
HKG,香港,-491.54925301204815,-445.90203855421686,2075,0.49843373493975907,0.9578313253012047,0.46081102083934217,0.5265400924906359,0.41417833908734353,0.5358304629986612,0.44705569226927383
IRN,伊朗,34.16593729152768,51.789046030687125,1499,0.619381557534902,0.6084056037358239,0.29386663563551224,0.529138256643486,0.5029314295950388,0.6633911508338893,0.4374905086101439
JPN,日本,26.139999999999993,-999.0,1353,0.6871458487312145,0.9985218033998522,0.4251046379362652,0.4866685277246479,0.45170582972227463,0.4656381684733514,0.4672317312423297
KAZ,哈萨克斯坦,49.22901253918496,68.01362852664576,1276,0.5201233681927164,0.734717868338558,0.38803941352467425,0.5057524014448558,0.46191875653082554,0.5957055013758272,0.49057784983471875
KOR,韩国,26.13999999999999,35.74,1245,0.5782128514056225,0.5,0.502956078791012,0.5105600646493356,0.47121398291579014,0.4749378839089692,0.47588011497650046
KGZ,KGZ,32.98515833333334,64.884375,1200,0.7048054139354153,0.8529166666666667,0.31463179318043316,0.5178761628455769,0.47200887345679016,0.5530368571296297,0.47558528739778744
LBN,黎巴嫩,33.89066666666667,35.654241666666664,1200,0.6118908666564926,0.9791666666666666,0.38496363522313504,0.47839742059008034,0.4870165625269793,0.657962875787037,0.44981754356754355
MEX,墨西哥,21.238523836875355,-100.2174727168294,1741,0.5357693432668251,0.9982768523836876,0.4337741507312744,0.4315524193240192,0.402746592412808,0.6115000988895272,0.42853448325877963
PAK,巴基斯坦,30.32526315789474,71.39302756892232,1995,0.47379860464671475,0.26290726817042603,0.27758980781981135,0.5321664590671044,0.44716075904045827,0.6797532725034809,0.38911359319450445
PER,秘鲁,26.13999999999999,35.74,1400,0.595,0.9435714285714286,0.38639697103530607,0.3998963629680225,0.4385497964337251,0.6213469049285714,0.44511528096086916
PRI,PRI,26.139999999999993,35.74,1127,0.6016711032238983,0.9263531499556344,0.33628772134091894,0.49306339938096505,0.45584296081190484,0.6203434877058069,0.48421584162605974
ROU,罗马尼亚,43.91837708830549,26.979339697692918,1257,0.529855775873875,0.9220365950676214,0.3545828854164046,0.44040096724035666,0.4610472096997555,0.6383980362768497,0.45771044002351663
RUS,俄罗斯,53.82778453038674,54.12294475138121,1810,0.5168385436248921,0.9298342541436464,0.42050976333437246,0.5061497781495564,0.43952501534683847,0.4831993230448127,0.48122695585232483
SVK,斯洛伐克,48.63166666666667,19.107333333333337,1200,0.48084212258332587,0.9216666666666666,0.4538111385883571,0.5077608945133506,0.45693113425925924,0.5236508360555556,0.44979250841750845
TUR,土耳其,26.139999999999993,35.74,2415,0.6266637089618455,0.5,0.2979106666429689,0.48032543943804457,0.4829173513205605,0.6587184333471361,0.41511874953998046
UKR,乌克兰,49.22584949573313,30.874034134988367,1289,0.5544499193082695,0.7412723041117145,0.4487625765524891,0.4923386114657588,0.44338190775836234,0.5898842368588915,0.4851136124101943
EGY,埃及,29.712725000000002,31.201975,1200,0.5572378130810641,0.5,0.2579798070909328,0.5318742177910016,0.4371068121693121,0.6347888957222222,0.4210987961411348
USA,美国,-92.34085130970725,-206.0178466872111,2596,0.7827187237397196,0.9404853620955316,0.4376942393110508,0.5399857774709858,0.4717264452433943,0.5842608293956515,0.4713614291111139
URY,乌拉圭,-34.0695,-56.2317,1000,0.5816776718985686,0.998,0.3985782773138968,0.4843079878269258,0.4873282929546088,0.5118205550222222,0.44619336219336214
IND,印度,25.029101654846336,80.21054964539007,1692,0.3895382833389786,0.5502364066193853,0.3120359241285022,0.5662496469446435,0.4889139640949629,0.5655926584581035,0.46272311335174005
MNG,蒙古,26.139999999999986,35.74000000000001,1638,0.6279652886795744,0.985958485958486,0.5059284064087186,0.505477931368882,0.4828237349070683,0.5140577862230362,0.48528770612103944
NIC,NIC,12.527550000000002,-85.89431666666665,1200,0.41015052306522537,0.995,0.37013761061507183,0.4091949036801161,0.4682734375,0.49015138797222224,0.4252625892625893
MAR,MAR,33.03525,-6.878500000000001,1200,0.6909299131052444,0.8658333333333333,0.37728620111572814,0.47076466517968707,0.4635976080246913,0.6821541694722223,0.4433909932659933
VEN,委内瑞拉,9.858680672268907,-67.59942857142856,1190,0.6532021412043333,0.9991596638655462,0.4022471874132286,0.45031545576254434,0.45450575684819383,0.6192196077030812,0.43394001155414674
IRQ,伊拉克,33.46863333333334,44.93745833333333,1200,0.5861909815145205,0.8391666666666666,0.3349455091741011,0.5392366259762198,0.45671219135802477,0.43456444647222214,0.41409126280535863
TJK,TJK,38.77256666666667,68.7309,1200,0.4745039571134465,0.9070833333333334,0.37720660003892875,0.5128492702808615,0.4919394017897307,0.6782447214722221,0.4936823796994252
GTM,GTM,26.139999999999993,35.74,1229,0.6491388662869542,0.9690805532953621,0.4194127299203736,0.4700711406494141,0.5242283322785763,0.6566734509357202,0.4611354407481455
MYS,马来西亚,-693.3961309977151,-662.4532977913176,1313,0.42294451797985577,0.5902513328255903,0.4114251972707104,0.5177432625673146,0.4690372735498402,0.6442558170009309,0.41159545323550434
